id,feed,title,description,published,updated,link,og
https://www.theatlantic.com/family/archive/2021/02/pandemic-daily-life-normal-summer-fall/618108/,http://chrisamico.newsblur.com/,The Most Likely Timeline for Life to Return to Normal,"An uncertain spring, an amazing summer, a cautious fall and winter, and then, finally, relief.",2021-02-27T00:29:06+00:00,,https://www.theatlantic.com/family/archive/2021/02/pandemic-daily-life-normal-summer-fall/618108/,"{""site_name"": ""The Atlantic"", ""locale"": ""en_US"", ""type"": ""article"", ""image"": ""https://cdn.theatlantic.com/thumbor/BcGZmSMYT09eqAnSYRyIJSHVSvA=/0x484:3295x2200/960x500/media/img/mt/2021/02/h_15375347/original.jpg""}"
https://www.forbes.com/sites/davidaxe/2021/02/23/the-us-air-force-just-admitted-the-f-35-stealth-fighter-has-failed/?sh=3c0c8f91b169&utm_source=ForbesMainTwitter&utm_campaign=socialflowForbesMainTwitter&utm_medium=social,http://chrisamico.newsblur.com/,The U.S. Air Force Just Admitted The F-35 Stealth Fighter Has Failed,"The U.S. Air Force’s chief of staff wants the service to develop an affordable, lightweight fighter to replace hundreds of aging F-16s and complement a small fleet of sophisticated F-35 stealth fighters. But an affordable, lightweight fighter is exactly what the F-35 was first conceived to be.",2021-02-24T18:57:46+00:00,,https://www.forbes.com/sites/davidaxe/2021/02/23/the-us-air-force-just-admitted-the-f-35-stealth-fighter-has-failed/,"{""site_name"": ""Forbes"", ""type"": ""article"", ""image"": ""https://thumbor.forbes.com/thumbor/fit-in/1200x0/filters%3Aformat%28jpg%29/https%3A%2F%2Fspecials-images.forbesimg.com%2Fimageserve%2F60343159132e0b0552c1b9df%2F0x0.jpg%3FcropX1%3D0%26cropX2%3D1088%26cropY1%3D59%26cropY2%3D569"", ""updated_time"": ""2021-02-25T14:00:38.155-05:00""}"
https://www.simeongriggs.dev/designing-a-more-complete-recipe-website,http://chrisamico.newsblur.com/,"Recipe websites, data modelling and user experience | simeonGriggs","To a developer, recipes represent such a complex and delicious content model. So why do so many recipe websites leave a bad taste? Let's explore cooking up a more ideal version.",2021-02-19T16:44:21+00:00,,https://www.simeongriggs.dev/designing-a-more-complete-recipe-website/,"{""type"": ""website"", ""image"": ""https://api.apiflash.com/v1/urltoimage?access_key=21a6a19367114878b3b23d4ef68504d4&url=https://www.simeongriggs.dev/screenshot/designing-a-more-complete-recipe-website/&format=png&height=630&width=1200&response_type=image"", ""image:width"": ""1200"", ""image:height"": ""630""}"
https://www.nytimes.com/2021/02/19/sports/tennis/serena-williams-retire-australian-open.html,http://chrisamico.newsblur.com/,"Farewell, Serena? Not So Fast",Williams’s wan wave after losing to Naomi Osaka in the Australian Open semifinal stirred retirement speculation. GOATs don’t go out that way.,2021-02-19T15:13:19+00:00,,https://www.nytimes.com/2021/02/19/sports/tennis/serena-williams-retire-australian-open.html,"{""type"": ""article"", ""image"": ""https://static01.nyt.com/images/2021/02/20/sports/19streeter-sot-print/19streeter-sot-print-facebookJumbo-v3.jpg"", ""image:alt"": ""At the Australian Open, Serena Williams was in the best shape she had been in since returning from maternity leave, and she pummeled the No. 2-ranked Simona Halep ahead of her defeat in the semifinals.""}"
https://xkcd.com/2425/,http://chrisamico.newsblur.com/,mRNA Vaccine,,2021-02-16T17:35:43+00:00,,https://xkcd.com/2425/,"{""site_name"": ""xkcd"", ""image"": ""https://imgs.xkcd.com/comics/mrna_vaccine_2x.png""}"
https://nightheronbarks.com/winter-2021/michael-quattrone/,http://chrisamico.newsblur.com/,Michael Quattrone,"The Kingdom Platypuses glow in blacklight.No idea how or why, or what those duck-billed ravers from down under mightbe hatching inside ultraviolet fur.Scorpions, lichens, puffin beaks all poplike p…",2021-02-12T15:26:31+00:00,,https://nightheronbarks.com/winter-2021/michael-quattrone/,"{""type"": ""article"", ""site_name"": ""The Night Heron Barks"", ""image"": ""https://nightheronbarks.com/wp-content/uploads/2021/01/nhb-crown.jpg"", ""image:width"": ""4132"", ""image:height"": ""4132"", ""locale"": ""en_US""}"
https://www.defensenews.com/opinion/commentary/2021/02/09/the-system-worked-as-designed-is-bad-news/,http://chrisamico.newsblur.com/,‘The system worked as designed’ is bad news,Let's take a look at timeline of the Army’s response to the COVID-19 pandemic. It's not pretty.,2021-02-10T16:12:15+00:00,,https://www.defensenews.com/opinion/commentary/2021/02/09/the-system-worked-as-designed-is-bad-news/,"{""type"": ""article"", ""image"": ""https://www.armytimes.com/resizer/euklTEw3tlwTGXDik5gklK5q4xc=/1200x630/filters:quality(100)/cloudfront-us-east-1.images.arcpublishing.com/mco/3Q5UAP3E2RGRDKNKIKG6HKLRIA.jpg"", ""site_name"": ""Defense News"", ""locale"": ""en_US""}"
https://www.washingtonpost.com/politics/2021/02/09/republicans-came-within-90000-votes-controlling-all-washington/?utm_source=rss&utm_medium=referral&utm_campaign=wp_politics,http://chrisamico.newsblur.com/,"Analysis | Republicans came within 90,000 votes of controlling all of Washington","While the GOP lost the presidential race and control of the Senate, we very nearly had a much different outcome.",2021-02-09T19:47:35+00:00,,https://www.washingtonpost.com/politics/2021/02/09/republicans-came-within-90000-votes-controlling-all-washington/,"{""site_name"": ""Washington Post"", ""type"": ""article"", ""image"": ""https://www.washingtonpost.com/wp-apps/imrs.php?src=https://d1i4t8bqe7zgj6.cloudfront.net/01-31-2021/t_bcc0888356424c4a9231c64d95935100_name_20210131_SUNDAYWRAP_THUMB_v1_00_03_20_19_Still004.jpg&w=1440""}"
https://covidtracking.com/analysis-updates/covid-tracking-project-end-march-7,http://chrisamico.newsblur.com/,Analysis & updates | It’s Time: The COVID Tracking Project Will Soon Come to an End,,2021-02-01T21:01:57+00:00,,https://covidtracking.com/analysis-updates/covid-tracking-project-end-march-7,"{""site_name"": ""The COVID Tracking Project"", ""type"": ""website"", ""image"": ""https://images.ctfassets.net/o2ll9t4ee8tq/1qiUiDsbasRwZLi5A6shSB/2f58ba998808e6ed0bcd9e137a97ba4b/86609535-48149080-bf69-11ea-9c4f-ffe056051e2b.png?w=1200&fl=progressive&q=50"", ""description"": null}"
https://talkpython.fm/episodes/show/299/personal-search-engine-with-datasette-and-dogsheep,http://chrisamico.newsblur.com/,Personal search engine with datasette and dogsheep,"In this episode, we'll be discussing two powerful tools for data reporting and exploration: Datasette and Dogsheep.        Datasette helps people take data of any shape or size, analyze and explore it, and publish it as an interactive website and accompanying API.        Dogsheep is a collection of tools for personal analytics using SQLite and Datasette. Imagine a unified search engine for everything personal in your life such as twitter, photos, google docs, todoist, goodreads, and more, all in once place and outside of cloud companies.        On this episode we talk with Simon Willison who created both of these projects. He's also one of the co-creators of Django and we'll discuss some early Django history!",2021-01-28T18:36:01+00:00,,https://talkpython.fm/episodes/show/299/personal-search-engine-with-datasette-and-dogsheep,"{""image"": ""https://talkpython.fm/static/img/social-share-tp.png""}"
https://www.wbur.org/hereandnow/2021/01/25/bela-fleck-bassekou-kouyate?fbclid=IwAR2ERp26Ju1uJDrsd7ynM8cDHH375ckEi98xWMa51LRgYdpJpe4OUe7nkhk,http://chrisamico.newsblur.com/,Béla Fleck’s Journey To Find Truth In Origins Of The Banjo,"In 2005, Béla Fleck went to Africa to explore the origins of the banjo. He toured through Uganda, Tanzania, Gambia and Mali, jamming with local musicians. ",2021-01-27T14:30:30+00:00,,https://www.wbur.org/hereandnow/2021/01/25/bela-fleck-bassekou-kouyate,"{""type"": ""website"", ""image"": ""http://d279m997dpfwgl.cloudfront.net/wp/2021/01/GettyImages-506646750-1000x667.jpg"", ""image:height"": ""667"", ""image:width"": ""1000""}"
https://austinkleon.com/2021/01/20/spend-time-on-something-that-will-outlast-them/,http://chrisamico.newsblur.com/,Spend time on something that will outlast them,,2021-01-25T15:09:46+00:00,,https://austinkleon.com/2021/01/20/spend-time-on-something-that-will-outlast-them/,{}
https://dankennedy.net/2021/01/22/you-can-now-ask-the-globe-to-remove-an-embarrassing-story-about-you-from-google-search/,http://chrisamico.newsblur.com/,You can now ask the Globe to remove an embarrassing story about you from Google search,There’s a difference between rewriting history and making some of it more difficult to find. Which is why I think The Boston Globe is doing the right thing with its “Fresh Start” …,2021-01-22T17:50:56+00:00,,https://dankennedy.net/2021/01/22/you-can-now-ask-the-globe-to-remove-an-embarrassing-story-about-you-from-google-search/,"{""type"": ""article"", ""site_name"": ""Media Nation"", ""image"": ""https://dankennedy.files.wordpress.com/2021/01/screen-shot-2021-01-22-at-6.15.17-am.png"", ""image:width"": ""1172"", ""image:height"": ""1098"", ""locale"": ""en_US""}"
https://www.washingtonpost.com/opinions/2021/01/15/keep-trump-home-alone-2-its-an-important-historical-document/,http://chrisamico.newsblur.com/,Opinion | Keep Trump in ‘Home Alone 2.’ It’s an important historical document.,We should draw a line between acts that meaningfully diminish the power of the soon-to-be ex-president and emotional gestures that end up obscuring his rise or his conduct in office.,2021-01-16T19:12:29+00:00,,https://www.washingtonpost.com/opinions/2021/01/15/keep-trump-home-alone-2-its-an-important-historical-document/,"{""site_name"": ""Washington Post"", ""type"": ""article"", ""image"": ""https://www.washingtonpost.com/wp-apps/imrs.php?src=https://arc-anglerfish-washpost-prod-washpost.s3.amazonaws.com/public/WCBLABQ25MI6XC62QFGKK3QTRM.jpg&w=1440""}"
https://source.opennews.org/articles/exit-interviews-aaron-williams/,http://chrisamico.newsblur.com/,Exit Interviews: Aaron Williams,"""There’s a reason why when you think about what a 'data journalist' looks like, you don’t think of someone who looks like me.""",2021-01-15T02:26:25+00:00,,https://source.opennews.org/articles/exit-interviews-aaron-williams/,"{""type"": ""article"", ""image"": ""https://media.opennews.org/cache/9c/c9/9cc9317bfc6e7645c4330c56357b5516.jpg""}"
https://slate.com/business/2021/01/capitol-riot-fortress-dc.html,http://chrisamico.newsblur.com/,D.C. Residents Put Up With Overbearing Security for 20 Years. It Did Nothing.,What was the point of Fortress D.C.?,2021-01-09T19:32:33+00:00,,https://slate.com/business/2021/01/capitol-riot-fortress-dc.html,"{""image"": ""https://compote.slate.com/images/d629318a-0215-4513-aeab-2921a072e69b.jpeg?width=780&height=520&rect=840x560&offset=0x0"", ""site_name"": ""Slate Magazine"", ""type"": ""article""}"
https://www.washingtonpost.com/politics/trump-raffensperger-call-georgia-vote/2021/01/03/d45acb92-4dc4-11eb-bda4-615aaefd0555_story.html,http://chrisamico.newsblur.com/,"‘I just want to find 11,780 votes’: In extraordinary hour-long call, Trump pressures Georgia secretary of state to recalculate the vote in his favor","In a recording obtained by The Washington Post, President Trump alternately berated, begged and threatened Brad Raffensperger to overturn President-elect Joe Biden’s win in the state.",2021-01-04T18:03:26+00:00,,https://www.washingtonpost.com/politics/trump-raffensperger-call-georgia-vote/2021/01/03/d45acb92-4dc4-11eb-bda4-615aaefd0555_story.html,"{""site_name"": ""Washington Post"", ""type"": ""article"", ""image"": ""https://www.washingtonpost.com/wp-apps/imrs.php?src=https://arc-anglerfish-washpost-prod-washpost.s3.amazonaws.com/public/ANEHJQCLTQI6XF5WJ247OL7UNM.jpg&w=1440""}"
https://www.nytimes.com/2021/01/01/upshot/why-markets-boomed-2020.html?referringSource=articleShare,http://chrisamico.newsblur.com/,Why Markets Boomed in a Year of Human Misery,It wasn’t just the Fed or the stimulus. The rise in savings among white-collar workers created a tide lifting nearly all financial assets.,2021-01-01T12:32:34+00:00,,https://www.nytimes.com/2021/01/01/upshot/why-markets-boomed-2020.html,"{""type"": ""article"", ""image"": ""https://static01.nyt.com/images/2020/12/31/us/-promo-1609444377294/-promo-1609444377294-facebookJumbo.png"", ""image:alt"": """"}"
https://www.nytimes.com/2020/12/28/upshot/income-inequality-visible.html,http://chrisamico.newsblur.com/,"The Year Inequality Became Less Visible, and More Visible Than Ever","Even as shared public spaces emptied out, the gap between the economically privileged and the precarious became impossible to ignore.",2020-12-29T17:21:22+00:00,,https://www.nytimes.com/2020/12/28/upshot/income-inequality-visible.html,"{""type"": ""article"", ""image"": ""https://static01.nyt.com/images/2020/12/23/business/00up-inequality1/00up-inequality1-facebookJumbo.jpg"", ""image:alt"": ""Grand Central Terminal during rush hour as lockdowns began in March.""}"
https://flowingdata.com/2020/12/23/best-data-visualization-projects-of-2020/,http://chrisamico.newsblur.com/,Best Data Visualization Projects of 2020,It’s been a year. We saw a lot of charts. These are the best ones.,2020-12-24T15:50:51+00:00,,https://flowingdata.com/2020/12/23/best-data-visualization-projects-of-2020/,"{""type"": ""article"", ""site_name"": ""FlowingData"", ""image"": ""https://i1.wp.com/flowingdata.com/wp-content/uploads/2015/12/best-of-featured-2015-1.png?fit=1200%2C800&ssl=1"", ""image:width"": ""1200"", ""image:height"": ""800"", ""locale"": ""en_US""}"
https://martialhistoryteam.blogspot.com/2020/11/why-should-practitioners-care-about.html,http://chrisamico.newsblur.com/,Why Should Practitioners Care About Martial Arts History? ," Why should practitioners care about martial arts history?  Introduction To answer this question, I'd like to divide martial arts practition...",2020-12-16T14:19:05+00:00,,https://martialhistoryteam.blogspot.com/2020/11/why-should-practitioners-care-about.html,"{""image"": ""https://1.bp.blogspot.com/-WZyj3ZrOlJQ/X75hrfSmtoI/AAAAAAABFuU/hJDwYQmW1GUeF77x0O6zG2iTEqDvM6tNQCLcBGAsYHQ/w1200-h630-p-k-no-nu/A%2BBrief%2BHistory%2Bof%2Bthe%2BMartial%2BArts%2BCover.jpg""}"
https://www.theatlantic.com/notes/2020/11/how-reconnect-rural-and-urban-america/617187/?utm_source=feed,http://chrisamico.newsblur.com/,Our Towns: How to Reconnect Rural and Urban America,Joe Biden's administration will need to blunt differences and open more opportunities.,2020-12-09T16:48:30+00:00,,https://www.theatlantic.com/notes/2020/11/how-reconnect-rural-and-urban-america/617187/,"{""site_name"": ""The Atlantic"", ""locale"": ""en_US"", ""type"": ""article"", ""image"": ""https://cdn.theatlantic.com/thumbor/1uXQdN8MKC3JG14MUsuE7yy2r6Q=/0x257:3494x2077/960x500/media/img/notes/2020/11/2011_04_09T120000Z_537421690_GM1E7490XJ001_RTRMADP_3_US/original.jpg""}"
https://www.nytimes.com/interactive/2020/11/21/science/artificial-intelligence-fake-people-faces.html,http://chrisamico.newsblur.com/,Designed to Deceive: Do These People Look Real to You?,"The people in this story may look familiar, like ones you’ve seen on Facebook or Twitter or Tinder. But they don’t exist. They were born from the mind of a computer, and the technology behind them is improving at a startling pace.",2020-11-27T18:12:13+00:00,,https://www.nytimes.com/interactive/2020/11/21/science/artificial-intelligence-fake-people-faces.html,"{""type"": ""article"", ""image"": ""https://static01.nyt.com/images/2020/11/19/us/artificial-intelligence-fake-people-faces-promo-1605818328743/artificial-intelligence-fake-people-faces-promo-1605818328743-facebookJumbo-v3.jpg"", ""image:alt"": """"}"
https://xkcd.com/2391/,http://chrisamico.newsblur.com/,Life Before the Pandemic,,2020-11-27T15:03:54+00:00,,https://xkcd.com/2391/,"{""site_name"": ""xkcd"", ""image"": ""https://imgs.xkcd.com/comics/life_before_the_pandemic_2x.png""}"
https://pressthink.org/2020/11/two-paths-forward-for-the-american-press/,http://chrisamico.newsblur.com/,Two paths forward for the American press - PressThink,Restoration of the old order. Or continue with the democratic breakthrough that unfolded on November 5th.,2020-11-18T16:52:44+00:00,,https://pressthink.org/2020/11/two-paths-forward-for-the-american-press/,"{""locale"": ""en_US"", ""type"": ""article"", ""site_name"": ""PressThink"", ""image"": ""https://pressthink.org/wp-content/themes/wp-pressthink/assets/images/pressthink-card-485-253.jpg"", ""image:width"": ""485"", ""image:height"": ""253""}"
https://www.nytimes.com/2021/02/24/opinion/covid-school-closures-children.html,https://www.instapaper.com/liked,Opinion | School Closures Have Failed America’s Children,As many as three million children have gotten no education for nearly a year.,2021-02-25T01:21:26+00:00,,https://www.nytimes.com/2021/02/24/opinion/covid-school-closures-children.html,"{""type"": ""article"", ""image"": ""https://static01.nyt.com/images/2021/02/24/opinion/24kristof-lead/24kristof-lead-facebookJumbo.jpg"", ""image:alt"": """"}"
https://www.theatlantic.com/health/archive/2021/02/how-know-when-pandemic-over/618122/,https://www.instapaper.com/liked,A Simple Rule of Thumb for Knowing When the Pandemic Is Over,"At some point—maybe even soon—the emergency phase of the pandemic will end. But what, exactly, is that magic threshold?",2021-02-25T14:35:54+00:00,,https://www.theatlantic.com/health/archive/2021/02/how-know-when-pandemic-over/618122/,"{""site_name"": ""The Atlantic"", ""locale"": ""en_US"", ""type"": ""article"", ""image"": ""https://cdn.theatlantic.com/thumbor/sv030fwR5FnoGUsH4Q_DNRCJuqY=/0x43:2000x1085/960x500/https://cdn.theatlantic.com/media/img/mt/2021/02/PandemicTimeEND2/original.png""}"
https://www.nytimes.com/2021/01/28/dining/staff-cooking-tips.html,https://www.instapaper.com/liked,17 Cooking Tips Our Food Staff Swears By,The reporters and editors behind NYT Cooking share the advice that changed their home cooking.,2021-02-05T00:18:11+00:00,,https://www.nytimes.com/2021/01/28/dining/staff-cooking-tips.html,"{""type"": ""article"", ""image"": ""https://static01.nyt.com/images/2021/02/03/dining/28Advice1/merlin_147769089_071bc038-df68-4c36-b5aa-0f6a234d79a1-facebookJumbo.jpg"", ""image:alt"": """"}"
https://www.bostonglobe.com/2021/01/17/metro/this-boston-mayors-race-will-be-like-no-other/,https://www.instapaper.com/liked,This Boston mayor’s race will be like no other - The Boston Globe,"Get ready for a mayor’s race like nothing Boston has ever seen. Given the likely field of contenders, this could be a real break.",2021-01-18T00:40:58+00:00,,https://www.bostonglobe.com/2021/01/17/metro/this-boston-mayors-race-will-be-like-no-other/,"{""site_name"": ""BostonGlobe.com"", ""type"": ""article"", ""image"": ""https://bostonglobe-prod.cdn.arcpublishing.com/resizer/JJbJsEdvQRRFB0SGmYZDDxPLY54=/506x0/cloudfront-us-east-1.images.arcpublishing.com/bostonglobe/66SYFSNS2FSOWSMW7RPRSIF4WM.JPG"", ""pixelID"": ""884869448226452""}"
https://www.poynter.org/reporting-editing/2021/telling-it-like-it-is-when-writing-news-requires-distance-from-neutrality/,https://www.instapaper.com/liked,Telling it like it is: When writing news requires a distance from neutrality - Poynter,,2021-01-12T00:43:11+00:00,,https://www.poynter.org/reporting-editing/2021/telling-it-like-it-is-when-writing-news-requires-distance-from-neutrality/,{}
https://www.politico.com/news/magazine/2021/01/11/capitol-riot-self-coup-trump-fiona-hill-457549,https://www.instapaper.com/liked,"Opinion | Yes, It Was a Coup Attempt. Here’s Why.","What Trump tried is called a “self-coup,” and he did it in slow motion and in plain sight.",2021-01-12T00:34:10+00:00,,https://www.politico.com/news/magazine/2021/01/11/capitol-riot-self-coup-trump-fiona-hill-457549,"{""type"": ""article"", ""image"": ""https://static.politico.com/9d/79/3e6e19614fa994b083a62c8cd90f/capitol-shots-l-2a.JPG"", ""fb_appid"": ""114037015331397"", ""site_name"": ""POLITICO""}"
https://www.polygon.com/lord-of-the-rings/2021/1/13/22227591/aita-bilbo-baggins-disappears,https://www.instapaper.com/liked,AITA for ghosting Frodo and all of Hobbiton?,"Polygon readers, weigh in",2021-01-13T18:17:07+00:00,,https://www.polygon.com/lord-of-the-rings/2021/1/13/22227591/aita-bilbo-baggins-disappears,"{""image"": ""https://cdn.vox-cdn.com/thumbor/yWi6hIb8QvuyXZ5sLDgZ9FTM6cU=/289x0:3305x1579/fit-in/1200x630/cdn.vox-cdn.com/uploads/chorus_asset/file/22231241/Lord_of_the_Rings_The_Fellowship_of_the_Ring.mkv_snapshot_00.19.38__2020.11.29_18.16.35_.png"", ""image:alt"": ""Bilbo Baggins at his party in Hobbiton"", ""image:height"": ""630"", ""image:width"": ""1200"", ""site_name"": ""Polygon"", ""type"": ""article""}"
https://www.theatlantic.com/ideas/archive/2020/12/life-simpsons-no-longer-attainable/617499/,https://www.instapaper.com/liked,The Life in 'The Simpsons' Is No Longer Attainable,"The most famous dysfunctional family of 1990s television enjoyed, by today’s standards, an almost dreamily secure existence.",2021-01-13T20:12:30+00:00,,https://www.theatlantic.com/ideas/archive/2020/12/life-simpsons-no-longer-attainable/617499/,"{""site_name"": ""The Atlantic"", ""locale"": ""en_US"", ""type"": ""article"", ""image"": ""https://cdn.theatlantic.com/thumbor/z-RP9_QLTneUc4XtWiHKP4KOIJ4=/0x53:2496x1353/960x500/media/img/mt/2020/12/TheSimpsons_3119_UndercoverBurns_ZABF19Sc2057AvidColorCorrected/original.jpg""}"
https://www.mcsweeneys.net/articles/weekly-health-update-from-the-principal-of-cobra-kais-west-valley-high-school,https://www.instapaper.com/liked,Weekly Health Update from the Principal of Cobra Kai’s West Valley High School,"Good morning, Mountain Lions,
This is your principal speaking, with your weekly West Valley High COVID-19 health update. First of all, I want to th...",2021-01-12T00:51:19+00:00,,https://www.mcsweeneys.net/articles/weekly-health-update-from-the-principal-of-cobra-kais-west-valley-high-school,"{""site_name"": ""McSweeney's Internet Tendency"", ""type"": ""article"", ""image"": ""http://d3thpuk46eyjbu.cloudfront.net/uploads/production/14144/1605118189/original/cobra-kai-school-fight-1600282221.png"", ""image:secure_url"": ""https://d3thpuk46eyjbu.cloudfront.net/uploads/production/14144/1605118189/original/cobra-kai-school-fight-1600282221.png"", ""image:type"": ""image/png"", ""image:width"": ""1858"", ""image:height"": ""1270""}"
https://www.theatlantic.com/magazine/archive/2021/01/science-covid-19-manhattan-project/617262/,https://www.instapaper.com/liked,How Science Beat the Virus,And what it lost in the process,2020-12-14T15:01:50+00:00,,https://www.theatlantic.com/magazine/archive/2021/01/science-covid-19-manhattan-project/617262/,"{""site_name"": ""The Atlantic"", ""locale"": ""en_US"", ""type"": ""article"", ""image"": ""https://cdn.theatlantic.com/thumbor/pO-aNwZ2bhDLg5u5oMrO9wmzcWQ=/95x90:1905x1033/960x500/media/img/2020/12/WEL_Yong_Opener/original.jpg""}"
https://www.mcsweeneys.net/articles/the-ux-on-this-small-child-is-terrible,https://www.instapaper.com/liked,The UX on this Small Child Is Terrible,"Not only am I VP of Reproduction for this household, but I’ve also been the end-user of this Small Child for over three years now. I’m going to giv...",2021-03-02T23:51:25+00:00,,https://www.mcsweeneys.net/articles/the-ux-on-this-small-child-is-terrible,"{""site_name"": ""McSweeney's Internet Tendency"", ""type"": ""article"", ""image"": ""http://d3thpuk46eyjbu.cloudfront.net/uploads/production/14368/1614014724/original/UX.png"", ""image:secure_url"": ""https://d3thpuk46eyjbu.cloudfront.net/uploads/production/14368/1614014724/original/UX.png"", ""image:type"": ""image/png"", ""image:width"": ""1250"", ""image:height"": ""700""}"
https://observablehq.com/@mbostock/10-years-of-open-source-visualization,https://www.instapaper.com/liked,10 Years of Open-Source Visualization,"Did I learn anything from D3.js? Let’s see… In honor of D3 1.0’s tin anniversary, I thought I’d reflect on lessons learned. This isn’t intended to be too comprehensive or serious — just a handful of observations as I look ahead to the next ten years. But I hope a nugget or two will interest you, too. 1. Teaching is the most impactful aspect of tool building. When building a tool, it’s easy to forget how much you’ve internalized: how much knowledge and context you’ve assumed. Your tool can feel familiar or",2021-03-03T02:07:53+00:00,,https://observablehq.com/@mbostock/10-years-of-open-source-visualization,"{""image"": ""https://static.observableusercontent.com/thumbnail/72daccb466b572bcaab79bd196100c84eefc293efbaab4237d891c037f3aebdf.jpg""}"
https://www.nytimes.com/2021/02/26/upshot/where-have-all-the-houses-gone.html,https://www.instapaper.com/liked,Where Have All the Houses Gone?,"The inventory of homes for sale is startlingly low. The pandemic is part of the reason, but it’s not the whole story.",2021-03-01T03:34:58+00:00,,https://www.nytimes.com/2021/02/26/upshot/where-have-all-the-houses-gone.html,"{""type"": ""article"", ""image"": ""https://static01.nyt.com/images/2021/02/26/us/-promo-1614350883769/-promo-1614350883769-facebookJumbo.png"", ""image:alt"": """"}"
https://www.washingtonpost.com/opinions/2021/03/03/dr-seuss-hysteria-2021-shows-how-silly-unimaginative-adults-can-be/,http://chrisamico.newsblur.com/,Opinion | The Great Dr. Seuss Hysteria of 2021 shows how silly and unimaginative adults can be,Some of Theodor Geisel's books are definitely very racist. But treating him as either the worst or best children's book author ever is a mistake.,2021-03-03T17:30:13+00:00,,https://www.washingtonpost.com/opinions/2021/03/03/dr-seuss-hysteria-2021-shows-how-silly-unimaginative-adults-can-be/,"{""site_name"": ""Washington Post"", ""type"": ""article"", ""image"": ""https://www.washingtonpost.com/wp-apps/imrs.php?src=https://arc-anglerfish-washpost-prod-washpost.s3.amazonaws.com/public/XIS4BMT3WII6XDC6GLSHWQVVDM.jpg&w=1440""}"
https://www.nature.com/articles/d41586-021-00450-z,https://www.instapaper.com/liked,Can COVID vaccines stop transmission? Scientists race to find answers,"Controlling the pandemic will require shots that prevent viral spread, but that feature is difficult to measure.",2021-03-02T23:43:03+00:00,,https://www.nature.com/articles/d41586-021-00450-z,"{""type"": ""article"", ""image"": ""https://media.nature.com/lw1024/magazine-assets/d41586-021-00450-z/d41586-021-00450-z_18867050.jpg""}"
https://www.pbs.org/newshour/economy/employment-rose-among-those-in-free-money-experiment-study-shows,http://chrisamico.newsblur.com/,"Employment rose among those in free money experiment, study shows","After getting $500 per month for two years without rules on how to spend it, 125 people in California paid off debt, got full-time jobs and had “statistically significant improvements"" in emotional health, according to a study released Wednesday.",2021-03-04T01:09:24+00:00,,https://www.pbs.org/newshour/economy/employment-rose-among-those-in-free-money-experiment-study-shows,"{""locale"": ""en_US"", ""type"": ""article"", ""site_name"": ""PBS NewsHour"", ""image"": ""https://d3i6fh83elv35t.cloudfront.net/newshour/app/uploads/2016/10/RTX291M9-1024x728.jpg"", ""image:height"": ""728"", ""image:width"": ""1024""}"
https://www.polygon.com/2020/3/3/21161208/when-is-lord-of-the-rings-set-chronology-timeline-dates,https://www.instapaper.com/liked,"Lord of the Rings takes place in March, which hits differently now",What happens when a story comes full circle in more ways than one?,2021-03-01T03:35:10+00:00,,https://www.polygon.com/lord-of-the-rings/22312194/lord-of-the-rings-timeline-middle-earth-history,"{""image"": ""https://cdn.vox-cdn.com/thumbor/BgMUSLizzCf_BHfzZbTWfz8Ch8U=/7x0:1789x933/fit-in/1200x630/cdn.vox-cdn.com/uploads/chorus_asset/file/22343431/High_res_Flight_to_Rivendell.jpeg"", ""image:alt"": ""A map of Middle-earth from The Lord of the Rings books."", ""image:height"": ""630"", ""image:width"": ""1200"", ""site_name"": ""Polygon"", ""type"": ""article""}"
https://www.newcity.com/2021/02/26/ten-ways-the-tribune-was-a-lincoln-boosting-poor-bashing-force-of-journalism/,https://www.instapaper.com/liked,"Triumphs and Tribulations: Ten Ways the Tribune was a Lincoln-Boosting, Poor-Bashing Force of Journalism | Newcity",,2021-03-04T01:09:03+00:00,,https://www.newcity.com/2021/02/26/ten-ways-the-tribune-was-a-lincoln-boosting-poor-bashing-force-of-journalism/,{}
https://www.theatlantic.com/culture/archive/2021/03/how-wandavision-became-the-new-appointment-tv/618218/,https://www.instapaper.com/liked,TV Had Never Seen Anything Like 'WandaVision' Before,How a strangely uncategorizable and undefinable show became the new appointment viewing,2021-03-08T00:45:40+00:00,,https://www.theatlantic.com/culture/archive/2021/03/how-wandavision-became-the-new-appointment-tv/618218/,"{""site_name"": ""The Atlantic"", ""locale"": ""en_US"", ""type"": ""article"", ""image"": ""https://cdn.theatlantic.com/thumbor/rpiUVBORoUVTEUSMemfedMnJi0Q=/0x53:2496x1353/960x500/media/img/mt/2021/03/fam7030_109_trl_comp_v005_f30d51ab/original.jpg""}"
https://www.ft.com/content/bc825399-345c-47b8-82e7-6473a1c9a861,https://www.instapaper.com/liked,Pandemic blamed for falling birth rates across much of Europe,,2021-03-10T14:11:08+00:00,,https://www.ft.com/content/bc825399-345c-47b8-82e7-6473a1c9a861,{}
http://lawandthemultiverse.com/2021/03/13/wandas-liabilities-for-the-westview-anomaly/,http://chrisamico.newsblur.com/,Wanda’s Liabilities for the Westview Anomaly,,2021-03-14T23:01:37+00:00,,http://lawandthemultiverse.com/2021/03/13/wandas-liabilities-for-the-westview-anomaly/,{}
https://fivethirtyeight.com/features/covid-19-has-led-to-an-uptick-in-anti-asian-racism/,http://chrisamico.newsblur.com/,The U.S. Has A Long-Standing History Of Vilifying Minority Groups During Times Of Crisis,"During his campaign rallies and back when he still had access to Twitter, then-President Donald Trump often referred to the coronavirus as the “Chinese virus” o…",2021-03-15T14:42:38+00:00,,https://fivethirtyeight.com/features/covid-19-has-led-to-an-uptick-in-anti-asian-racism/,"{""type"": ""article"", ""site_name"": ""FiveThirtyEight"", ""image"": ""https://fivethirtyeight.com/wp-content/uploads/2021/03/GettyImages-1304805284-16x9-1.jpg?w=700"", ""image:width"": ""700"", ""image:height"": ""394"", ""locale"": ""en_US""}"
https://www.wbur.org/cognoscenti/2021/03/09/covid-19-pandemic-psychological-recovery-molly-colvin,https://www.instapaper.com/liked,Why You Can't Shake Pandemic Anxiety,"With infection rates falling and vaccination rates rising, imagining post-pandemic life feels less like tempting fate. So, why are we still feeling anxious? Dr. Molly Colvin explains what's happening in our brains. ",2021-03-10T23:22:24+00:00,,https://www.wbur.org/cognoscenti/2021/03/09/covid-19-pandemic-psychological-recovery-molly-colvin,"{""type"": ""website"", ""image"": ""http://d279m997dpfwgl.cloudfront.net/wp/2021/03/GettyImages-1227304787-1000x667.jpg"", ""image:height"": ""667"", ""image:width"": ""1000""}"
https://www.esquire.com/lifestyle/a35813890/life-after-covid-pandemic/,https://www.instapaper.com/liked,What Happens After This?,"Too much has been lost, in big ways and in small, to simply set the clock back to 2019 and pretend nothing happened.",2021-03-12T21:53:58+00:00,,https://www.esquire.com/lifestyle/a35813890/life-after-covid-pandemic/,"{""type"": ""article"", ""site_name"": ""Esquire"", ""image"": ""https://hips.hearstapps.com/hmg-prod.s3.amazonaws.com/images/index-1615498575.jpg?crop=1.00xw:1.00xh;0,0&resize=1200:*"", ""image:width"": ""1200"", ""image:height"": ""600""}"
https://www.niemanlab.org/2021/03/california-state-universitys-student-journalists-launched-a-wire-service-to-share-their-work-with-each-other-heres-how-they-did-it/,http://chrisamico.newsblur.com/,California State University’s student journalists launched a wire service to share their work with each other. Here’s how they did it.,"The wire, run via Substack, helps student reporters share knowledge and reporting.",2021-03-17T14:04:44+00:00,,https://www.niemanlab.org/2021/03/california-state-universitys-student-journalists-launched-a-wire-service-to-share-their-work-with-each-other-heres-how-they-did-it/,"{""type"": ""article"", ""image"": ""https://www.niemanlab.org/images/17322848496_0c95dc5cf0_c-700x467.jpeg"", ""image:width"": ""700"", ""image:height"": ""467"", ""site_name"": ""Nieman Lab""}"
https://www.niemanlab.org/2021/03/the-new-york-times-is-so-done-with-its-77000-member-facebook-cooking-group-what-happens-now/?utm_source=Daily+Lab+email+list&utm_campaign=656bdf99da-dailylabemail3&utm_medium=email&utm_term=0_d68264fd5e-656bdf99da-393175669,http://chrisamico.newsblur.com/,"The New York Times is so done with its 77,000-member Facebook cooking group. What happens now?","""Food Only"" turned out to be impossible.",2021-03-19T15:00:24+00:00,,https://www.niemanlab.org/2021/03/the-new-york-times-is-so-done-with-its-77000-member-facebook-cooking-group-what-happens-now/,"{""type"": ""article"", ""image"": ""https://www.niemanlab.org/images/burned-toast-cc-2-700x433.jpg"", ""image:width"": ""700"", ""image:height"": ""433"", ""site_name"": ""Nieman Lab""}"
https://www.bostonglobe.com/2021/03/13/metro/mbta-is-making-more-cuts-are-savings-worth-it/,https://www.instapaper.com/liked,The MBTA is making more cuts — are the savings worth it? - The Boston Globe,"On Sunday, services on the Red, Orange and Green Lines will be reduced by about 20 percent, and a bunch of bus routes will be suspended or consolidated. Will riders still be there when those services return — if those buses and trains return at all?",2021-03-17T14:00:22+00:00,,https://www.bostonglobe.com/2021/03/13/metro/mbta-is-making-more-cuts-are-savings-worth-it/,"{""site_name"": ""BostonGlobe.com"", ""type"": ""article"", ""image"": ""https://bostonglobe-prod.cdn.arcpublishing.com/resizer/PXzST2g7nfmqxXM1MaKghE5dJpU=/506x0/cloudfront-us-east-1.images.arcpublishing.com/bostonglobe/OUK3BSBY6NUAT5C4JCVHLTP5CI.jpg"", ""pixelID"": ""884869448226452""}"
https://www.nytimes.com/2021/03/13/upshot/economy-optimism-boom.html,https://www.instapaper.com/liked,17 Reasons to Let the Economic Optimism Begin,A reporter who has tracked decades of gloomy trends sees things lining up for roaring growth.,2021-03-13T12:32:44+00:00,,https://www.nytimes.com/2021/03/13/upshot/economy-optimism-boom.html,"{""type"": ""article"", ""image"": ""https://static01.nyt.com/images/2021/03/15/upshot/13up-optimism-print/13up-optimism-print-facebookJumbo-v3.jpg"", ""image:alt"": """"}"
https://themarkup.org/coronavirus/2021/03/24/we-ran-tests-on-every-states-covid-19-vaccine-website,http://chrisamico.newsblur.com/,We Ran Tests on Every State’s COVID-19 Vaccine Website – The Markup,"The results, measuring accessibility and privacy protections, were not always great ",2021-03-24T16:40:53+00:00,,https://themarkup.org/coronavirus/2021/03/24/we-ran-tests-on-every-states-covid-19-vaccine-website,"{""type"": ""article"", ""image"": ""https://mrkp-static-production.themarkup.org/uploads/2021/03/vaccine-websites-1200x628.jpg""}"
https://www.washingtonpost.com/opinions/2021/03/24/zack-snyder-superhero-movies-mcu/,http://chrisamico.newsblur.com/,Opinion | Zack Snyder’s superhero universe is unsettling — but says a lot about our reality,"Marvel's cheerful defense of doubling down on the status quo has run up hard against a world that's far stranger and unpredictable — and a lot like the unnerving world of ""Justice League.""",2021-03-25T17:20:23+00:00,,https://www.washingtonpost.com/opinions/2021/03/24/zack-snyder-superhero-movies-mcu/,"{""site_name"": ""Washington Post"", ""type"": ""article"", ""image"": ""https://www.washingtonpost.com/wp-apps/imrs.php?src=https://arc-anglerfish-washpost-prod-washpost.s3.amazonaws.com/public/2ORPBQUHJUI6XPSKES4J6YLPFQ.jpg&w=1440""}"
https://dangillmor.com/2021/03/21/a-statute-of-limitations-on-stupidity/,http://chrisamico.newsblur.com/,A statute of limitations on stupidity,"(This is adapted from my 2009 book Mediactive.) My friend and Arizona State University colleague Tim McGuire said many years ago, “The fact is one stupid mistake when you are 19 today can kill your…",2021-03-28T21:18:46+00:00,,https://dangillmor.com/2021/03/21/a-statute-of-limitations-on-stupidity/,"{""type"": ""article"", ""site_name"": ""Dan Gillmor"", ""image"": ""https://dangillmor.com/wp-content/uploads/2014/03/danpicpr.png"", ""image:width"": ""339"", ""image:height"": ""339""}"
https://edition.cnn.com/interactive/2021/03/cnnix-steership/,http://chrisamico.newsblur.com/,Steer through the Suez Canal,"Navigating the Suez Canal is a high-stress, complicated feat that requires master piloting skills. Try your hand at it!",2021-03-30T14:43:41+00:00,,https://www.cnn.com/interactive/2021/03/cnnix-steership/,"{""image"": ""https://cdn.cnn.com/cnn/interactive/2021/03/cnnix-steership/images/ogimage2a.png"", ""type"": ""Article""}"
https://antonz.org/sqlite-is-not-a-toy-database/,http://chrisamico.newsblur.com/,SQLite is not a toy database,"Here is why SQLite is a perfect tool for you - whether you are a developer, data analyst, or geek.",2021-04-05T16:55:05+00:00,,https://antonz.org/sqlite-is-not-a-toy-database/,"{""locale"": ""en_US"", ""site_name"": ""Anton Zhiyanov"", ""image"": ""https://antonz.org/assets/2021/sqlite-is-not-a-toy-database.png"", ""type"": ""article""}"
https://www.bostonglobe.com/2021/04/14/metro/is-this-heaven-no-its-worcester/,http://chrisamico.newsblur.com/,"Is this heaven? No, it’s Worcester - The Boston Globe","Polar Park is gorgeous, and the former PawSox who play there are looking good. Imagine what Rhode Island could have had if its leaders showed even a tiny sense of vision.",2021-04-14T12:58:44+00:00,,https://www.bostonglobe.com/2021/04/14/metro/is-this-heaven-no-its-worcester/,"{""site_name"": ""BostonGlobe.com"", ""type"": ""article"", ""image"": ""https://bostonglobe-prod.cdn.arcpublishing.com/resizer/GKDPRPR9mr-7KQCTt783o_ii94w=/506x0/cloudfront-us-east-1.images.arcpublishing.com/bostonglobe/L4DJT7WOKF25HEDHFWACNXAVRE.jpg"", ""pixelID"": ""884869448226452""}"
https://xkcd.com/2450/,http://chrisamico.newsblur.com/,Post Vaccine Social Scheduling,,2021-04-16T17:15:20+00:00,,https://xkcd.com/2450/,"{""site_name"": ""xkcd"", ""image"": ""https://imgs.xkcd.com/comics/post_vaccine_social_scheduling_2x.png""}"
https://www.usatoday.com/in-depth/news/health/2021/04/19/covid-vaccine-tracker-available-widely-hesitancy/7187382002/,http://chrisamico.newsblur.com/,"America reaches milestone with COVID-19 vaccine widely available to those who want it, but hesitancy still casts a shadow","USA TODAY's panel of experts celebrate the success of the U.S. COVID-19 vaccine program but worry that although most Americans can get a shot, too many won't.",2021-04-20T00:46:29+00:00,,https://www.usatoday.com/in-depth/news/health/2021/04/19/covid-vaccine-tracker-available-widely-hesitancy/7187382002/,"{""type"": ""article"", ""image"": ""https://www.gannett-cdn.com/presto/2021/04/18/USAT/f215a0d9-ebc1-4c21-8fa5-1f0620abf828-vaccine_panels_noon_topper.jpg?crop=1116,628,x276,y0&width=1200""}"
https://www.polygon.com/entertainment/22394564/marvel-cinematic-universe-kissing,https://www.instapaper.com/liked,An investigation into Marvel movies’ noticeable lack of kissing,"Why there’s so little of it, and how it changes between MCU phases",2021-04-22T23:17:38+00:00,,https://www.polygon.com/entertainment/22394564/marvel-cinematic-universe-kissing,"{""image"": ""https://cdn.vox-cdn.com/thumbor/tqlesZq1855Tf3MdTvKYODVCfwo=/0x38:1920x1043/fit-in/1200x630/cdn.vox-cdn.com/uploads/chorus_asset/file/22458073/MCU_KISSES.jpg"", ""image:alt"": ""The Avengers are surrounded.....by kiss emoji"", ""image:height"": ""630"", ""image:width"": ""1200"", ""site_name"": ""Polygon"", ""type"": ""article""}"
https://xkcd.com/2457/,http://chrisamico.newsblur.com/,After the Pandemic,,2021-05-01T15:34:23+00:00,,https://xkcd.com/2457/,"{""site_name"": ""xkcd"", ""image"": ""https://imgs.xkcd.com/comics/after_the_pandemic_2x.png""}"
https://unixsheikh.com/articles/sqlite-the-only-database-you-will-ever-need-in-most-cases.html?utm_source=feedburner&utm_medium=feed&utm_campaign=Feed%3A+thechangelog+%28The+Changelog%29,https://chrisamico.newsblur.com/,SQLite the only database you will ever need in most cases,,2021-05-01T18:39:17.066000+00:00,,https://unixsheikh.com/articles/sqlite-the-only-database-you-will-ever-need-in-most-cases.html?utm_source=feedburner&utm_medium=feed&utm_campaign=Feed%3A+thechangelog+%28The+Changelog%29,{}
https://www.slowboring.com/p/the-rise-of-self-made-billionaires,https://www.instapaper.com/liked,The rise of self-made billionaires and the fall of economic dynamism ,"Economic progress has slowed down, not sped up",2021-04-26T23:19:31+00:00,,https://www.slowboring.com/p/the-rise-of-self-made-billionaires,"{""type"": ""article"", ""image"": ""https://cdn.substack.com/image/fetch/w_1200,c_limit,f_jpg,q_auto:good,fl_progressive:steep/https%3A%2F%2Fbucketeer-e05bbc84-baa3-437e-9518-adb32be77984.s3.amazonaws.com%2Fpublic%2Fimages%2Fa32e0e6e-9e9b-4576-ae19-0993fe46266d_5879x3787.jpeg""}"
https://www.bostonglobe.com/2021/04/30/magazine/will-our-kindergartener-remember-pandemic-garage-school-ill-never-forget-it/,https://chrisamico.newsblur.com/,Will our kindergartener remember pandemic ‘garage school’? I’ll never forget it - The Boston Globe,"With students returning to in-person school, a mom wonders what impression remote learning with neighborhood pals left on her kid.",2021-05-02T22:55:47.379000+00:00,,https://www.bostonglobe.com/2021/04/30/magazine/will-our-kindergartener-remember-pandemic-garage-school-ill-never-forget-it/,"{""site_name"": ""BostonGlobe.com"", ""type"": ""article"", ""image"": ""https://bostonglobe-prod.cdn.arcpublishing.com/resizer/SjGX6J0O1uQsuSd9sLRQmzYXKOQ=/506x0/cloudfront-us-east-1.images.arcpublishing.com/bostonglobe/6IWGUZNEMNE5JGULVG77GOYAFI.jpg"", ""pixelID"": ""884869448226452""}"
https://palewi.re/posts/2021/05/02/ee-cummings-archive/,https://chrisamico.newsblur.com/,Introducing the e.e. cummings free poetry archive,Blog. Editor and Publisher Ben Welsh.,2021-05-03T21:40:42.469000+00:00,,https://palewi.re/posts/2021/05/02/ee-cummings-archive/,"{""image"": ""/static/img/facebook-icon.png"", ""site_name"": ""palewire"", ""type"": ""article""}"
https://xkcd.com/2459/,https://chrisamico.newsblur.com/,March 2020,,2021-05-06T14:00:27.042000+00:00,,https://xkcd.com/2459/,"{""site_name"": ""xkcd"", ""image"": ""https://imgs.xkcd.com/comics/march_2020_2x.png""}"
https://www.bostonglobe.com/2021/05/05/nation/beloved-childhood-experience-or-petri-dish-germs-public-ball-pits-will-reopen-august/,https://www.instapaper.com/liked,"A beloved childhood experience, or a petri dish of germs? Public ball pits will reopen in August - The Boston Globe","Much of the joy once associated with ball pits has been drained over the past year, and many wonder if it will ever be the same.",2021-05-05T23:21:38+00:00,,https://www.bostonglobe.com/2021/05/05/nation/beloved-childhood-experience-or-petri-dish-germs-public-ball-pits-will-reopen-august/,"{""site_name"": ""BostonGlobe.com"", ""type"": ""article"", ""image"": ""https://bostonglobe-prod.cdn.arcpublishing.com/resizer/H3LpVtXg9eG9dKu9Ao27EPwtGII=/506x0/cloudfront-us-east-1.images.arcpublishing.com/bostonglobe/TM5YZYXYCQMHAD6I2NWLDINYCA.JPEG"", ""pixelID"": ""884869448226452""}"
https://www.niemanlab.org/2021/05/its-not-their-job-to-buy-you-cake/?utm_source=Daily+Lab+email+list&utm_campaign=40d4b1be55-dailylabemail3&utm_medium=email&utm_term=0_d68264fd5e-40d4b1be55-393175669,https://chrisamico.newsblur.com/,It’s not their job to buy you cake,"Working remotely for the last year has revealed just how much of office culture is accidental, arbitrary, and sexist.",2021-05-10T19:52:44.734000+00:00,,https://www.niemanlab.org/2021/05/its-not-their-job-to-buy-you-cake/,"{""type"": ""article"", ""image"": ""https://www.niemanlab.org/images/smashed-birthday-cake-cc-700x525.jpg"", ""image:width"": ""700"", ""image:height"": ""525"", ""site_name"": ""Nieman Lab""}"
https://www.nytimes.com/interactive/2021/health/pfizer-coronavirus-vaccine.html,https://chrisamico.newsblur.com/,How Pfizer Makes Its Covid-19 Vaccine,Behind the scenes from starter cells to a finished vaccine.,2021-05-10T17:37:59.800000+00:00,,https://www.nytimes.com/interactive/2021/health/pfizer-coronavirus-vaccine.html,"{""type"": ""article"", ""image"": ""https://static01.nyt.com/images/2021/04/29/us/how-pfizer-covid-19-vaccine-made-promo-1619203640078/how-pfizer-covid-19-vaccine-made-promo-1619203640078-facebookJumbo.jpg"", ""image:alt"": """"}"
https://www.bostonglobe.com/2021/05/08/lifestyle/amid-restaurant-closures-opportunity-horizon/,https://www.instapaper.com/liked,"Amid restaurant closures in Boston, there is an opportunity to reshape the city’s dining scene for years to come - The Boston Globe","Statewide, 3,400 establishments — 23 percent of the total — closed permanently during the pandemic, according to the Massachusetts Restaurant Association. But alongside all of this loss, the vacancies in Boston now present an opportunity.",2021-05-09T20:46:04+00:00,,https://www.bostonglobe.com/2021/05/08/lifestyle/amid-restaurant-closures-opportunity-horizon/,"{""site_name"": ""BostonGlobe.com"", ""type"": ""article"", ""image"": ""https://bostonglobe-prod.cdn.arcpublishing.com/resizer/jkWR-LjegTmqNHHfJ73RQKEhtv8=/506x0/cloudfront-us-east-1.images.arcpublishing.com/bostonglobe/PJ4VUG3F3GACBK2C5YVAAETQF4.jpg"", ""pixelID"": ""884869448226452""}"
https://www.cooperhewitt.org/2021/05/18/watercolor-maptiles-website-enters-permanent-collection-of-cooper-hewitt/,https://chrisamico.newsblur.com/,Watercolor Maptiles Website Enters Permanent Collection of Cooper Hewitt,,2021-05-19T23:44:00.722000+00:00,,https://www.cooperhewitt.org/2021/05/18/watercolor-maptiles-website-enters-permanent-collection-of-cooper-hewitt/,{}
https://www.theatlantic.com/technology/archive/2021/05/f-150-lightning-fords-first-electric-truck/618932/?utm_source=nextdraft&utm_medium=email,https://chrisamico.newsblur.com/,Stop Worrying and Love the F-150 Lightning,Here are seven ways Ford’s first electric pickup truck signals that decarbonization has entered a new era.,2021-05-21T02:12:17.892000+00:00,,https://www.theatlantic.com/technology/archive/2021/05/f-150-lightning-fords-first-electric-truck/618932/,"{""site_name"": ""The Atlantic"", ""locale"": ""en_US"", ""type"": ""article"", ""image"": ""https://cdn.theatlantic.com/thumbor/Gk7JJOT6bNlpO0nWSGLfpV9DVqY=/0x184:8660x4694/960x500/media/img/mt/2021/05/22_16x9/original.jpg""}"
https://octo.github.com/projects/flat-data,https://chrisamico.newsblur.com/,GitHub OCTO | Flat Data,"OCTO Project: Flat explores how to make it easy to work with data in git and GitHub. It builds on the “[git scraping” approach pioneered by Simon Willison](https://simonwillison.net/2020/Oct/9/git-scraping/) to offer a simple pattern for bringing working datasets into your repositories and versioning them, because developing against local datasets is faster and easier than working with data over the wire.",2021-05-21T03:00:26.244000+00:00,,https://octo.github.com/projects/flat-data,"{""type"": ""website"", ""site_name"": ""GitHub OCTO"", ""image"": ""https://octo.github.com/assets/projects/flat/flat.png"", ""image:alt"": ""GitHub OCTO Project: Flat Data (May 18, 2021)"", ""image:width"": ""1024"", ""image:height"": ""512""}"
https://dankennedy.net/2021/05/27/and-so-the-cutting-begins/,https://chrisamico.newsblur.com/,And so the cutting begins,Alden Global Capital is wasting no time in taking a chainsaw to its newly acquired newspapers. NPR media reporter David Folkenflik tweeted a thread that contains some horrifying details about what …,2021-05-27T16:36:02.778000+00:00,,https://dankennedy.net/2021/05/27/and-so-the-cutting-begins/,"{""type"": ""article"", ""site_name"": ""Media Nation"", ""image"": ""https://secure.gravatar.com/blavatar/aa09390c6b26329fd16c35859ad45875?s=200&ts=1627517684"", ""image:width"": ""200"", ""image:height"": ""200"", ""locale"": ""en_US""}"
https://www.washingtonpost.com/lifestyle/media/emily-wilder-ap-firing/2021/05/26/bf014ec4-be21-11eb-9c90-731aff7d9a0d_story.html,https://chrisamico.newsblur.com/,"Perspective | Emily Wilder’s firing is a story of bad faith, not bad tweets. Newsrooms must do better.",The AP should have guided a young reporter through a crisis — not caved to a right-wing mob.,2021-05-28T14:54:19.225000+00:00,,https://www.washingtonpost.com/lifestyle/media/emily-wilder-ap-firing/2021/05/26/bf014ec4-be21-11eb-9c90-731aff7d9a0d_story.html,"{""site_name"": ""Washington Post"", ""type"": ""article"", ""image"": ""https://www.washingtonpost.com/wp-apps/imrs.php?src=https://arc-anglerfish-washpost-prod-washpost.s3.amazonaws.com/public/CAE46HV6MYI6XMTOKNTD427G74.jpg&w=1440""}"
http://feedproxy.google.com/~r/ChristopherWink/~3/KzqIpYITYr4/,https://chrisamico.newsblur.com/,Resist flattening your neighbor,,2021-06-02T14:49:35.794000+00:00,,http://feedproxy.google.com/~r/ChristopherWink/~3/KzqIpYITYr4/,{}
https://taskandpurpose.com/news/space-force-star-wars-empire/,https://www.instapaper.com/liked,The Space Force is unsure of who the good guys are in ‘Star Wars’,The (Space) Force is strong with this one.,2021-06-03T13:32:01+00:00,,https://taskandpurpose.com/news/space-force-star-wars-empire/,"{""locale"": ""en_US"", ""type"": ""article"", ""site_name"": ""Task & Purpose"", ""image"": ""https://taskandpurpose.com/uploads/2021/06/02/Storm-Troopers.jpg"", ""image:width"": ""1920"", ""image:height"": ""1080""}"
https://structureofnews.wordpress.com/2021/06/11/oldies-are-goodies/,https://chrisamico.newsblur.com/,Oldies Are Goodies,"So it’s been a while. OK, a very long while. OK, a very very long while. But since this post is about the value of old stuff, perhaps it’s appropriate it’s been three years or so …",2021-06-11T14:21:01.063000+00:00,,https://structureofnews.wordpress.com/2021/06/11/oldies-are-goodies/,"{""type"": ""article"", ""site_name"": ""(Re)Structuring Journalism"", ""image"": ""https://structureofnews.files.wordpress.com/2014/07/oldbooks.jpg"", ""image:width"": ""3456"", ""image:height"": ""2304"", ""locale"": ""en_US""}"
https://www.nytimes.com/2021/06/11/upshot/rush-hour-remote-work.html,https://chrisamico.newsblur.com/,A Little More Remote Work Could Change Rush Hour a Lot,"Peak commute time has long ruled our lives, our cities, our tax dollars. But it doesn’t have to.",2021-06-12T19:38:44.329000+00:00,,https://www.nytimes.com/2021/06/11/upshot/rush-hour-remote-work.html,"{""type"": ""article"", ""image"": ""https://static01.nyt.com/images/2021/06/13/business/11up-rushhour-01/11up-rushhour-01-facebookJumbo.jpg"", ""image:alt"": ""The scene we all dread. ""}"
https://www.bloomberg.com/news/articles/2021-06-15/mapbox-workers-announce-union-drive-in-latest-tech-labor-push,https://chrisamico.newsblur.com/,Mapbox Faces Union Drive as Labor Organizers Extend Push in Tech,,2021-06-15T18:21:07.217000+00:00,,https://www.bloomberg.com/news/articles/2021-06-15/mapbox-workers-announce-union-drive-in-latest-tech-labor-push,{}
https://jiujitsustyle.com/combat-origins-the-hacker-with-ryan-hall/,https://www.instapaper.com/liked,Combat Origins: The Hacker with Ryan Hall - Jiu Jitsu Style,,2021-06-12T16:37:59+00:00,,https://jiujitsustyle.com/combat-origins-the-hacker-with-ryan-hall/,{}
https://goodbye.appledaily.com/,https://chrisamico.newsblur.com/,,,2021-06-24T16:09:45.195000+00:00,,https://goodbye.appledaily.com/,{}
https://www.niemanlab.org/2021/06/alden-global-capital-and-tribunes-board-are-dancing-at-the-edge-of-the-law/?utm_source=Daily+Lab+email+list&utm_campaign=b42a0a9823-dailylabemail3&utm_medium=email&utm_term=0_d68264fd5e-b42a0a9823-393175669,https://chrisamico.newsblur.com/,Alden Global Capital and Tribune’s board are dancing at the edge of the law,"Tribune board members acted in their own interests, not their newspaper chain’s, while Alden failed to disclose a secret investor meeting and misrepresented its cash position. 
",2021-06-25T01:32:01.106000+00:00,,https://www.niemanlab.org/2021/06/alden-global-capital-and-tribunes-board-are-dancing-at-the-edge-of-the-law/,"{""type"": ""article"", ""image"": ""https://www.niemanlab.org/images/chicago-tribune-cc-700x470.jpg"", ""image:width"": ""700"", ""image:height"": ""470"", ""site_name"": ""Nieman Lab""}"
https://www.nytimes.com/2019/04/01/dining/air-fryer-recipes.html,https://www.instapaper.com/liked,Does the Air Fryer Deliver on Its Golden Promise? (Published 2019),"Melissa Clark cooks with an air fryer, the kitchen appliance of the moment, to see if it really provides deep-fried taste without the fat.",2021-06-21T01:59:55+00:00,,https://www.nytimes.com/2019/04/01/dining/air-fryer-recipes.html,"{""type"": ""article"", ""image"": ""https://static01.nyt.com/images/2019/04/03/dining/02airfryer2/02airfryer2-facebookJumbo-v2.jpg?year=2019&h=550&w=1050&s=35c94f13125de4649de93022bd3851d7666e4f9c281903a1020eca15b16720b4&k=ZQJBKqZ0VN"", ""image:alt"": ""A batch of French fries in an air fryer, which mimics the browning of deep-frying without all the oil.""}"
https://www.nytimes.com/2021/06/04/business/media/reuters-editor-gina-chua.html,https://www.instapaper.com/liked,A Top Editor Becomes Her ‘True Self’,Gina Chua is returning to the Reuters offices post-pandemic as one of the most senior transgender journalists in the country.,2021-06-05T16:17:57+00:00,,https://www.nytimes.com/2021/06/04/business/media/reuters-editor-gina-chua.html,"{""type"": ""article"", ""image"": ""https://static01.nyt.com/images/2021/06/06/business/00Reuters-lede/00Reuters-lede-facebookJumbo.jpg"", ""image:alt"": ""Gina Chua is speaking out, she said, because &ldquo;it&rsquo;s good to just have people be able to say, &lsquo;here is an example of somebody who can transition and not get fired.&rsquo;&rdquo;""}"
https://www.vox.com/22536756/covid-pandemic-quarantine-lockdown-productivity-hobbies-work,https://www.instapaper.com/liked,Lockdown was not a sabbatical,Don’t worry if you haven’t grown as a person during the pandemic.,2021-06-22T02:10:08+00:00,,https://www.vox.com/22536756/covid-pandemic-quarantine-lockdown-productivity-hobbies-work,"{""image"": ""https://cdn.vox-cdn.com/thumbor/1f4GynMwDoplYAVTzJHVxCmW2qE=/0x181:2500x1490/fit-in/1200x630/cdn.vox-cdn.com/uploads/chorus_asset/file/22665570/GettyImages_1280436047.jpg"", ""image:alt"": ""A person’s hands knead bread dough on a table dusted with flour."", ""image:height"": ""630"", ""image:width"": ""1200"", ""site_name"": ""Vox"", ""type"": ""article""}"
https://bloodknife.com/everyone-beautiful-no-one-horny/,https://chrisamico.newsblur.com/,Everyone Is Beautiful and No One Is Horny - Blood Knife,"The human body has become a strange contradiction at the heart of the modern blockbuster. Sexy, yes. But sexual? No.",2021-06-27T18:35:52.884000+00:00,,https://bloodknife.com/everyone-beautiful-no-one-horny/,"{""locale"": ""en_US"", ""type"": ""article"", ""site_name"": ""Blood Knife"", ""image"": ""https://bloodknife.com/wp-content/uploads/2021/02/captamerica.jpg"", ""image:width"": ""1280"", ""image:height"": ""720""}"
https://www.nytimes.com/2021/06/29/magazine/tennis-players-association.html,https://chrisamico.newsblur.com/,A Few Tennis Pros Make a Fortune. Most Barely Scrape By.,The superstars of pro tennis get paid staggeringly more than everyone else. Can a new players’ association help level the court?,2021-06-29T12:55:10.448000+00:00,,https://www.nytimes.com/2021/06/29/magazine/tennis-players-association.html,"{""type"": ""article"", ""image"": ""https://static01.nyt.com/images/2021/07/04/magazine/04mag-Tennis/04mag-Tennis-facebookJumbo.jpg"", ""image:alt"": """"}"
https://www.washingtonpost.com/lifestyle/media/unc-nikole-hannah-jones-tenure/2021/06/28/cb51a03e-d82a-11eb-bb9e-70fda8c37057_story.html,https://chrisamico.newsblur.com/,Perspective | Why it’s so important that UNC trustees give Nikole Hannah-Jones the tenure she deserves,It’s not always easy to make the right decision when you find yourself in the middle of a culture war.,2021-06-29T12:52:56.604000+00:00,,https://www.washingtonpost.com/lifestyle/media/unc-nikole-hannah-jones-tenure/2021/06/28/cb51a03e-d82a-11eb-bb9e-70fda8c37057_story.html,"{""site_name"": ""Washington Post"", ""type"": ""article"", ""image"": ""https://www.washingtonpost.com/wp-apps/imrs.php?src=https://arc-anglerfish-washpost-prod-washpost.s3.amazonaws.com/public/JBNWTTWYO4I6XO46OD62RQ3QK4.jpg&w=1440""}"
https://flowingdata.com/2021/06/30/still-flowing-at-14/,https://chrisamico.newsblur.com/,Still Flowing at 14,FlowingData turned 14 years old last week. Is that old? It feels old. The site started as a sandbox to put class projects. Flat HTML files. JPEG files. Google Maps placemarkers. Flash. Vanilla Java…,2021-06-30T23:16:09.687000+00:00,,https://flowingdata.com/2021/06/30/still-flowing-at-14/,"{""type"": ""article"", ""site_name"": ""FlowingData"", ""image"": ""https://flowingdata.com/wp-content/uploads/2014/10/logo-lone-square-600-5451c585_site_icon.png"", ""image:width"": ""512"", ""image:height"": ""512"", ""locale"": ""en_US""}"
https://dsl.richmond.edu/panorama/redlining/#loc=5/39.1/-94.58,https://chrisamico.newsblur.com/,Mapping Inequality,Redlining in New Deal America,2021-06-30T19:10:51.509000+00:00,,https://dsl.richmond.edu/panorama/redlining/,"{""image"": ""https://dsl.richmond.edu/panorama/redlining/static/ogimage.png"", ""image:width"": ""1200"", ""image:height"": ""630""}"
https://runyourown.social/,https://www.instapaper.com/liked,How to run a small social network site for your friends,This document exists to lay out some general principles of running a small social network site that have worked for me. These principles are related to community building more than they are related to specific technologies.,2021-06-22T15:07:41+00:00,,https://runyourown.social/,"{""image"": ""https://runyourown.social/plant.png"", ""type"": ""website""}"
http://simonwillison.net/2021/Jul/1/pagnis/#atom-entries,https://chrisamico.newsblur.com/,PAGNIs: Probably Are Gonna Need Its,Luke Page has a great post up with his list of YAGNI exceptions. YAGNI—You Ain’t Gonna Need It—is a rule that says you shouldn’t add a feature just because it …,2021-07-01T23:49:23.436000+00:00,,http://simonwillison.net/2021/Jul/1/pagnis/,"{""image"": ""https://avatars0.githubusercontent.com/u/9599?v=4&s=200"", ""type"": ""article"", ""updated_time"": ""<bound method Arrow.timestamp of <Arrow [2021-07-01T19:13:58+00:00]>>""}"
https://mozilla.github.io/meao/2018/03/28/bedrock-the-sqlitening/,https://www.instapaper.com/liked,Bedrock: The SQLitening · Mozilla Marketing Engineering & Operations,,2021-07-03T14:11:57+00:00,,https://mozilla.github.io/meao/2018/03/28/bedrock-the-sqlitening/,{}
https://www.nytimes.com/2021/07/03/sports/tennis/wimbledon-forehand-slice-squash-shot-federer.html,https://www.instapaper.com/liked,Roger Federer’s Gift to Tennis: A Shot That Players Love to Hit,"The squash shot may be a last-resort play, but it’s fun to unleash and spectacular to watch. Federer made it his own, but many other players, especially women, are adopting it.",2021-07-05T17:59:38+00:00,,https://www.nytimes.com/2021/07/03/sports/tennis/wimbledon-forehand-slice-squash-shot-federer.html,"{""type"": ""article"", ""image"": ""https://static01.nyt.com/images/2021/07/04/sports/04wimbledon-squash-shot/04wimbledon-squash-shot-facebookJumbo.jpg"", ""image:alt"": ""Roger Federer made the lunging forehand slice, which originated on squash courts, a regular part of his repertoire.""}"
https://www.washingtonpost.com/opinions/2021/06/24/ken-burns-is-an-optimist-hes-very-worried-about-america/,https://www.instapaper.com/liked,Opinion | Ken Burns is an optimist. But he’s very worried about America.,The documentarian wants us to rediscover the delights of humbling ourselves before the past — and the courage to engage with our national failures honestly.,2021-06-28T14:52:13+00:00,,https://www.washingtonpost.com/opinions/2021/06/24/ken-burns-is-an-optimist-hes-very-worried-about-america/,"{""site_name"": ""Washington Post"", ""type"": ""article"", ""image"": ""https://www.washingtonpost.com/wp-apps/imrs.php?src=https://arc-anglerfish-washpost-prod-washpost.s3.amazonaws.com/public/LIZ7AFGRIAI6XIREXVM32IQZPQ.jpg&w=1440""}"
https://www.washingtonpost.com/climate-environment/2021/07/01/underpaid-firefighters-overstretched-budgets-us-isnt-prepared-fires-fueled-by-climate-change/,https://www.instapaper.com/liked,"Underpaid firefighters, overstretched budgets: The U.S. isn’t prepared for fires fueled by climate change","Fire experts say the escalation of wildfires, fueled by climate change, demands an equally dramatic transformation in the nation’s response.",2021-07-04T12:37:34+00:00,,https://www.washingtonpost.com/climate-environment/2021/07/01/underpaid-firefighters-overstretched-budgets-us-isnt-prepared-fires-fueled-by-climate-change/,"{""site_name"": ""Washington Post"", ""type"": ""article"", ""image"": ""https://www.washingtonpost.com/wp-apps/imrs.php?src=https://arc-anglerfish-washpost-prod-washpost.s3.amazonaws.com/public/J7DNLDGZYAI6XDEHVVXSPEMMPA.jpg&w=1440""}"
https://nymag.com/daily/sports/2009/09/behind_the_music_at_the_us_ope.html,https://www.instapaper.com/liked,Behind the Music at the U.S. Open - TV - Vulture,"Most of the top seeds pick for themselves, sometimes challenging the sport's still-conservative image. Read the full recap.",2021-05-31T23:20:52+00:00,,https://nymag.com/daily/sports/2009/09/behind_the_music_at_the_us_ope.html,"{""image"": """", ""site_name"": ""New York Magazine"", ""type"": ""Article""}"
http://www.ncpolicywatch.com/2021/07/06/nikole-hannah-jones-declines-unc-tenure-offer-heads-to-howard-university/,https://chrisamico.newsblur.com/,"Nikole Hannah-Jones declines UNC tenure offer, heads to Howard University | NC Policy Watch","Nikole Hannah-Jones declines UNC tenure offer, will launch new Center for Journalism and Democracy at Howard University",2021-07-06T14:30:43.942000+00:00,,http://www.ncpolicywatch.com/2021/07/06/nikole-hannah-jones-declines-unc-tenure-offer-heads-to-howard-university/,"{""locale"": ""en_US"", ""type"": ""article"", ""site_name"": ""NC Policy Watch"", ""updated_time"": ""2021-07-06T23:31:29+00:00"", ""image"": ""http://www.ncpolicywatch.com/wp-content/uploads/2021/07/Howard-Aerial-with-NikoleHannah-Jones.jpg"", ""image:width"": ""1052"", ""image:height"": ""593""}"
https://www.technologyreview.com/2021/05/24/1025281/covid-vaccine-waitlist-dr-b-collected-data-from-millions/,https://www.instapaper.com/liked,Vaccine waitlist Dr. B collected data from millions. But how many did it help?,"Almost 2.5 million people signed up to Dr. B with the promise of getting leftover vaccines. Months later, the site won’t disclose how many doses it helped deliver—or what it plans to do with user data.",2021-05-29T13:49:38+00:00,,https://www.technologyreview.com/2021/05/24/1025281/covid-vaccine-waitlist-dr-b-collected-data-from-millions/,"{""type"": ""article"", ""site_name"": ""MIT Technology Review"", ""image"": ""https://wp.technologyreview.com/wp-content/uploads/2021/05/GettyImages-177129252-e1621881723581.jpg?resize=1200,600"", ""width"": ""1024"", ""height"": ""573"", ""image:width"": ""1024"", ""image:height"": ""573""}"
https://dankennedy.net/2021/07/16/journalism-is-becoming-a-dangerous-occupation/,https://chrisamico.newsblur.com/,Journalism is becoming a dangerous occupation,"Paul Farhi of The Washington Post reports on a disturbing phenomenon: television journalists coming under attack. “In recent months, local TV news crews have faced verbal and physical abuse w…",2021-07-16T14:11:59.876000+00:00,,https://dankennedy.net/2021/07/16/journalism-is-becoming-a-dangerous-occupation/,"{""type"": ""article"", ""site_name"": ""Media Nation"", ""image"": ""https://dankennedy.files.wordpress.com/2021/07/6840840935_b774642864_c.jpg"", ""image:width"": ""799"", ""image:height"": ""533"", ""locale"": ""en_US""}"
https://www.polygon.com/22574448/black-widow-movie-history-scarlett-johansson-kevin-feige,https://chrisamico.newsblur.com/,Black Widow happened at the only time Marvel was capable of making it,What happens when your first superheroine is actually a reformed supervillain,2021-07-16T23:41:00.696000+00:00,,https://www.polygon.com/22574448/black-widow-movie-history-scarlett-johansson-kevin-feige,"{""image"": ""https://cdn.vox-cdn.com/thumbor/h_6MyQB8ZM8Cy1lyC0qfvm3Oi5M=/58x0:1280x640/fit-in/1200x630/cdn.vox-cdn.com/uploads/chorus_asset/file/7272727/black-widow.jpg"", ""image:alt"": ""Scarlett Johansson as Black Widow in Iron Man 2."", ""image:height"": ""630"", ""image:width"": ""1200"", ""site_name"": ""Polygon"", ""type"": ""article""}"
https://www.nytimes.com/2021/07/12/upshot/covid-cities-predictions-wrong.html,https://www.instapaper.com/liked,Covid Didn’t Kill Cities. Why Was That Prophecy So Alluring?,"A distrust of urban life has persisted in America, finding expression in different ways over time.",2021-07-12T13:56:34+00:00,,https://www.nytimes.com/2021/07/12/upshot/covid-cities-predictions-wrong.html,"{""type"": ""article"", ""image"": ""https://static01.nyt.com/images/2021/07/19/upshot/up-end-of-cities2/up-end-of-cities2-facebookJumbo.jpg"", ""image:alt"": ""Bryant Park in Midtown, 14 months later.""}"
https://www.newyorker.com/news/letter-from-bidens-washington/youre-gonna-have-a-fucking-war-mark-milleys-fight-to-stop-trump-from-striking-iran,https://www.instapaper.com/liked,Mark Milley’s Fight to Stop Trump from Striking Iran,Inside the extraordinary final-days conflict between the former President and his chairman of the Joint Chiefs.,2021-07-18T19:14:00+00:00,,https://www.newyorker.com/news/letter-from-bidens-washington/youre-gonna-have-a-fucking-war-mark-milleys-fight-to-stop-trump-from-striking-iran,"{""image"": ""https://media.newyorker.com/photos/60f0b0696e1a9cbdd0481e8d/16:9/w_1280,c_limit/Glasser-MarkMilley.jpg"", ""site_name"": ""The New Yorker"", ""type"": ""article""}"
https://www.washingtonpost.com/health/interactive/2021/unvaccinated-case-rate-delta-surge/,https://www.instapaper.com/liked,"For unvaccinated, coronavirus is soaring again","An analysis of adjusted rates for cases, covid-19 deaths and hospitalizations shows the country’s summer upswing is slamming the unprotected while others enjoy freedom.",2021-07-22T18:05:38+00:00,,https://www.washingtonpost.com/health/interactive/2021/unvaccinated-case-rate-delta-surge/,"{""site_name"": ""Washington Post"", ""type"": ""article"", ""image"": ""https://www.washingtonpost.com/wp-apps/imrs.php?src=https://arc-anglerfish-washpost-prod-washpost.s3.amazonaws.com/public/V3QFILPG6FFL3ANJDPE3LESOGM.jpg&w=1200""}"
https://constitutioncenter.org/blog/if-the-supreme-court-overrules-roe-in-the-new-term-will-we-know-for-sure,https://chrisamico.newsblur.com/,"If the Supreme Court overrules Roe in the new term, will we know for sure?",,2021-07-23T19:56:18.803000+00:00,,https://constitutioncenter.org/blog/if-the-supreme-court-overrules-roe-in-the-new-term-will-we-know-for-sure,{}
https://dankennedy.net/2021/07/23/a-lawsuit-against-the-washington-post-reignites-the-debate-over-objectivity/,https://chrisamico.newsblur.com/,A lawsuit against The Washington Post reignites the debate over objectivity,"The meaning of objectivity is at the heart of a lawsuit brought by a Washington Post reporter against the paper, five of its top editors and former executive editor Marty Baron. Felicia Sonmez argu…",2021-07-23T19:01:33.433000+00:00,,https://dankennedy.net/2021/07/23/a-lawsuit-against-the-washington-post-reignites-the-debate-over-objectivity/,"{""type"": ""article"", ""site_name"": ""Media Nation"", ""image"": ""https://dankennedy.files.wordpress.com/2021/07/lippmann_walter_lccn2016862740.jpg"", ""image:width"": ""640"", ""image:height"": ""796"", ""locale"": ""en_US""}"
https://www.cjr.org/opinion/nieman-lab-lawsuit-joshua-benton-francesca-viola.php,https://www.instapaper.com/liked,How a Twitter thread sparked a lawsuit against Nieman Lab’s founder,,2021-07-23T18:58:58+00:00,,https://www.cjr.org/opinion/nieman-lab-lawsuit-joshua-benton-francesca-viola.php,{}
https://www.slowboring.com/p/vaccine-fda-approve,https://www.instapaper.com/liked,Let's get more people vaccinated ,It all starts with actually approving the vaccine....,2021-07-20T12:41:44+00:00,,https://www.slowboring.com/p/vaccine-fda-approve,"{""type"": ""article"", ""image"": ""https://cdn.substack.com/image/fetch/w_1200,c_limit,f_jpg,q_auto:good,fl_progressive:steep/https%3A%2F%2Fbucketeer-e05bbc84-baa3-437e-9518-adb32be77984.s3.amazonaws.com%2Fpublic%2Fimages%2Fbcbef5b3-fe57-422d-b93b-e9c2c03ef27e_4800x2830.jpeg""}"
https://www.al.com/news/2021/07/im-sorry-but-its-too-late-alabama-doctor-on-treating-unvaccinated-dying-covid-patients.html,https://www.instapaper.com/liked,"‘I’m sorry, but it’s too late’: Alabama doctor tells unvaccinated, dying COVID patients","“And now all you really see is their fear and their regret. And even though I may walk into the room thinking, ‘Okay, this is your fault, you did this to yourself,’ when I leave the room, I just see a person that's really suffering, and that is so regretful for the choice that they made.”",2021-07-21T13:55:24+00:00,,https://www.al.com/news/2021/07/im-sorry-but-its-too-late-alabama-doctor-on-treating-unvaccinated-dying-covid-patients.html,"{""site_name"": ""al"", ""type"": ""article"", ""image"": ""https://www.al.com/resizer/AMpMB-_jIuooXizp4557tRlifps=/1280x0/smart/cloudfront-us-east-1.images.arcpublishing.com/advancelocal/GA5RCHBGGJGJ3CQCDUK4H33QDQ.jpg"", ""image:width"": ""1280""}"
https://www.polygon.com/sdcc/22592133/new-dune-books-comics-comic-con-sdcc-2021,https://www.instapaper.com/liked,"There’ll be new Dune stories in the future, no matter how the movie does",Brian Herbert and Kevin J. Anderson talk what’s next for the publishing franchise,2021-07-25T14:59:15+00:00,,https://www.polygon.com/sdcc/22592133/new-dune-books-comics-comic-con-sdcc-2021,"{""image"": ""https://cdn.vox-cdn.com/thumbor/p4INFzc1P3P3rHegcwx-FGsyE0Q=/0x423:5913x3519/fit-in/1200x630/cdn.vox-cdn.com/uploads/chorus_asset/file/22738362/rev_1_DU_10412rv4_High_Res_JPEG.jpeg"", ""image:alt"": ""TIMOTHÉE CHALAMET as Paul Atreides and REBECCA FERGUSON as Lady Jessica Atreides in Dune movie"", ""image:height"": ""630"", ""image:width"": ""1200"", ""site_name"": ""Polygon"", ""type"": ""article""}"
